Workbook

Sheet SOMMAIRE
A1: ⚽ QUIZZZ CDM — TABLEUR DE GÉNÉRATION — A5
A2: 20 pools | 277 questions cible | Stock B2 : à compléter
A4: # | B4: Pool ID | C4: Type | D4: Thème | E4: Target | F4: Source ANGIPREGEN | G4: Exclu | H4: Notes | I4: Q PASS | J4: Q WARNING | K4: Q FAIL | L4: Q DRAFT | M4: % Complet
A5: 1 | B5: IF-SF-01 | C5: IF-SF | D5: Légendes absolues | E5: 8 | F5: JOU-01 (Pelé) / JOU-02 (Maradona) | G5: Tous les autres pools | H5: Pool identitaire fort — angles Pelé et Maradona uniquement | I5: =COUNTIF('IF-SF-01'!L:L,"PASS") -> 0 | J5: =COUNTIF('IF-SF-01'!L:L,"WARNING") -> 0 | K5: =COUNTIF('IF-SF-01'!L:L,"FAIL") -> 0 | L5: =COUNTIF('IF-SF-01'!L:L,"DRAFT") -> 8 | M5: =IF(I5+J5+K5+L5=0,"—",TEXT((I5)/8,"0%")) -> 0%
A6: 2 | B6: IF-SF-02 | C6: IF-SF | D6: Finales emblématiques modernes | E6: 8 | F6: MAT-09 (1998) / MAT-14 (2018) / MAT-15 (2022) | G6: Tous les autres pools | H6: Ne pas dupliquer Zidane (→ QV-01) ni Mbappé (→ QV-01 + IF-ROT-02) | I6: =COUNTIF('IF-SF-02'!L:L,"PASS") -> 0 | J6: =COUNTIF('IF-SF-02'!L:L,"WARNING") -> 0 | K6: =COUNTIF('IF-SF-02'!L:L,"FAIL") -> 0 | L6: =COUNTIF('IF-SF-02'!L:L,"DRAFT") -> 8 | M6: =IF(I6+J6+K6+L6=0,"—",TEXT((I6)/8,"0%")) -> 0%
A7: 3 | B7: IF-ROT-01 | C7: IF-ROT | D7: Grandes nations championnes | E7: 12 | F7: FIN-01 (All.) / FIN-02 (Brés.) / FIN-03 (Ita.) / FIN-04 (Arg.) / FIN-05 (Fra.) | G7: QV-09 | H7: Focus palmarès, titres, années. Autres finalistes → QV-09 | I7: =COUNTIF('IF-ROT-01'!L:L,"PASS") -> 0 | J7: =COUNTIF('IF-ROT-01'!L:L,"WARNING") -> 0 | K7: =COUNTIF('IF-ROT-01'!L:L,"FAIL") -> 0 | L7: =COUNTIF('IF-ROT-01'!L:L,"DRAFT") -> 12 | M7: =IF(I7+J7+K7+L7=0,"—",TEXT((I7)/12,"0%")) -> 0%
A8: 4 | B8: IF-ROT-02 | C8: IF-ROT | D8: Records buteurs all-time (top 5) | E8: 12 | F8: BUT-01 (Klose 16) / BUT-02 (Ronaldo 15) / BUT-05 (Messi 13) / BUT-06 (Pelé 12) / BUT-07 (Mbappé 12) | G8: QV-13 | H8: Rangs 6-10 → QV-13. Ne pas dupliquer angles Pelé (IF-SF-01) | I8: =COUNTIF('IF-ROT-02'!L:L,"PASS") -> 0 | J8: =COUNTIF('IF-ROT-02'!L:L,"WARNING") -> 0 | K8: =COUNTIF('IF-ROT-02'!L:L,"FAIL") -> 0 | L8: =COUNTIF('IF-ROT-02'!L:L,"DRAFT") -> 12 | M8: =IF(I8+J8+K8+L8=0,"—",TEXT((I8)/12,"0%")) -> 0%
A9: 5 | B9: IF-ROT-03 | C9: IF-ROT | D9: Anecdotes célèbres N1 | E9: 12 | F9: ANE-09 (Schumacher) / ANE-10 (Main de Dieu) / ANE-11 (Baggio) / ANE-13 (Zidane) / ANE-14 (Paul Poulpe) | G9: QV-11 | H9: ANE-10 → orienter sur anecdote (MAT-07 oriente sur match) | I9: =COUNTIF('IF-ROT-03'!L:L,"PASS") -> 0 | J9: =COUNTIF('IF-ROT-03'!L:L,"WARNING") -> 0 | K9: =COUNTIF('IF-ROT-03'!L:L,"FAIL") -> 0 | L9: =COUNTIF('IF-ROT-03'!L:L,"DRAFT") -> 12 | M9: =IF(I9+J9+K9+L9=0,"—",TEXT((I9)/12,"0%")) -> 0%
A10: 6 | B10: QV-01 | C10: QV | D10: Joueurs N1 complémentaires | E10: 15 | F10: JOU-03 (Messi) / JOU-04 (CR7) / JOU-06 (Zidane) / JOU-08 (Ronaldo) / JOU-19 (Mbappé) | G10: IF-SF-01 / IF-SF-02 | H10: Hors Pelé et Maradona. Angle Zidane buts → réservé IF-SF-02 | I10: =COUNTIF('QV-01'!L:L,"PASS") -> 0 | J10: =COUNTIF('QV-01'!L:L,"WARNING") -> 0 | K10: =COUNTIF('QV-01'!L:L,"FAIL") -> 0 | L10: =COUNTIF('QV-01'!L:L,"DRAFT") -> 15 | M10: =IF(I10+J10+K10+L10=0,"—",TEXT((I10)/15,"0%")) -> 0%
A11: 7 | B11: QV-02 | C11: QV | D11: Joueurs N2 — les grands noms | E11: 15 | F11: JOU-05/07/09/11/17/18/20 (Cruyff, Beckenbauer, Platini, Klose, Matthäus, Neuer, Modrić) | G11: QV-12 | H11: 24 angles disponibles → 15 retenus | I11: =COUNTIF('QV-02'!L:L,"PASS") -> 0 | J11: =COUNTIF('QV-02'!L:L,"WARNING") -> 0 | K11: =COUNTIF('QV-02'!L:L,"FAIL") -> 0 | L11: =COUNTIF('QV-02'!L:L,"DRAFT") -> 15 | M11: =IF(I11+J11+K11+L11=0,"—",TEXT((I11)/15,"0%")) -> 0%
A12: 8 | B12: QV-03 | C12: QV | D12: Dynasties équipes mythiques | E12: 15 | F12: Éditorial — Brésil 1970 / All. 1974 / France 1998 / Espagne 2010 / All. 2014 | G12: IF-SF-01 / IF-SF-02 / QV-01 / QV-04 / QV-05 | H12: ⚠️ À VALIDER : liste des dynasties. Focus équipe/époque, pas joueur individuel | I12: =COUNTIF('QV-03'!L:L,"PASS") -> 0 | J12: =COUNTIF('QV-03'!L:L,"WARNING") -> 0 | K12: =COUNTIF('QV-03'!L:L,"FAIL") -> 0 | L12: =COUNTIF('QV-03'!L:L,"DRAFT") -> 15 | M12: =IF(I12+J12+K12+L12=0,"—",TEXT((I12)/15,"0%")) -> 0%
A13: 9 | B13: QV-04 | C13: QV | D13: Finales et matchs 1930-1978 | E13: 15 | F13: MAT-01 (1950) / MAT-02 (1966) / MAT-03 (1970) / MAT-04 (1974) / MAT-05 (1978) | G13: IF-SF-02 / QV-05 | H13: Football total NL 1974 → ne pas dupliquer avec QV-09 | I13: =COUNTIF('QV-04'!L:L,"PASS") -> 0 | J13: =COUNTIF('QV-04'!L:L,"WARNING") -> 0 | K13: =COUNTIF('QV-04'!L:L,"FAIL") -> 0 | L13: =COUNTIF('QV-04'!L:L,"DRAFT") -> 15 | M13: =IF(I13+J13+K13+L13=0,"—",TEXT((I13)/15,"0%")) -> 0%
A14: 10 | B14: QV-05 | C14: QV | D14: Matchs marquants 1982-2014 | E14: 15 | F14: MAT-06/07/08/10/11/12/13 (Séville, Main de Dieu, 1994, 2002, 2006, 2010, 7-1) | G14: IF-SF-02 / QV-04 | H14: MAT-07 ≠ ANE-10 : angles distincts mais contexte commun | I14: =COUNTIF('QV-05'!L:L,"PASS") -> 0 | J14: =COUNTIF('QV-05'!L:L,"WARNING") -> 0 | K14: =COUNTIF('QV-05'!L:L,"FAIL") -> 0 | L14: =COUNTIF('QV-05'!L:L,"DRAFT") -> 15 | M14: =IF(I14+J14+K14+L14=0,"—",TEXT((I14)/15,"0%")) -> 0%
A15: 11 | B15: QV-06 | C15: QV | D15: Stades mythiques CDM | E15: 15 | F15: STA-01 (Maracanã) / STA-02 (Azteca) / STA-03 (Wembley) / STA-04 à 07 | G15: — | H15: 15 angles disponibles → 15 ✓. Affluence Maracanã → réservé QV-08 | I15: =COUNTIF('QV-06'!L:L,"PASS") -> 0 | J15: =COUNTIF('QV-06'!L:L,"WARNING") -> 0 | K15: =COUNTIF('QV-06'!L:L,"FAIL") -> 0 | L15: =COUNTIF('QV-06'!L:L,"DRAFT") -> 15 | M15: =IF(I15+J15+K15+L15=0,"—",TEXT((I15)/15,"0%")) -> 0%
A16: 12 | B16: QV-07 | C16: QV | D16: Buteurs par édition (Soulier d'Or) | E16: 15 | F16: BUE-01 (Fontaine 1958) / BUE-02 (Kocsis 1954) / BUE-03 à 10 | G16: IF-ROT-02 / QV-13 | H16: BUE-09 Mbappé → vérifier non-collision MAT-15 (IF-SF-02) et BUT-07 (IF-ROT-02) | I16: =COUNTIF('QV-07'!L:L,"PASS") -> 0 | J16: =COUNTIF('QV-07'!L:L,"WARNING") -> 0 | K16: =COUNTIF('QV-07'!L:L,"FAIL") -> 0 | L16: =COUNTIF('QV-07'!L:L,"DRAFT") -> 15 | M16: =IF(I16+J16+K16+L16=0,"—",TEXT((I16)/15,"0%")) -> 0%
A17: 13 | B17: QV-08 | C17: QV | D17: Records CDM collectifs | E17: 15 | F17: REC-03 à 09 (âgé/jeune joueur, large victoire, buts, finale, affluence, but rapide) | G17: QV-13 | H17: REC-09 Şükür 11s = angle le plus jouable — prioriser | I17: =COUNTIF('QV-08'!L:L,"PASS") -> 0 | J17: =COUNTIF('QV-08'!L:L,"WARNING") -> 0 | K17: =COUNTIF('QV-08'!L:L,"FAIL") -> 0 | L17: =COUNTIF('QV-08'!L:L,"DRAFT") -> 15 | M17: =IF(I17+J17+K17+L17=0,"—",TEXT((I17)/15,"0%")) -> 0%
A18: 14 | B18: QV-09 | C18: QV | D18: Finalistes hors grandes nations | E18: 15 | F18: FIN-06 (NL) / FIN-07 (Uru) / FIN-08 (Hon) / FIN-09 (Tch.) / FIN-10 (Ang.) | G18: IF-ROT-01 | H18: NL 4 angles (seule grande nation sans titre). Football total 1974 → vérifier QV-04 | I18: =COUNTIF('QV-09'!L:L,"PASS") -> 0 | J18: =COUNTIF('QV-09'!L:L,"WARNING") -> 0 | K18: =COUNTIF('QV-09'!L:L,"FAIL") -> 0 | L18: =COUNTIF('QV-09'!L:L,"DRAFT") -> 15 | M18: =IF(I18+J18+K18+L18=0,"—",TEXT((I18)/15,"0%")) -> 0%
A19: 15 | B19: QV-10 | C19: QV | D19: Participations des nations | E19: 15 | F19: PAR-01 à 15 (Brésil 22, All. 20, Italie 18, Argentine 18...) | G19: IF-ROT-01 / QV-09 | H19: PAR-01 Brésil présent à toutes les éditions = angle fort. Focus rang/nombre, pas palmarès | I19: =COUNTIF('QV-10'!L:L,"PASS") -> 0 | J19: =COUNTIF('QV-10'!L:L,"WARNING") -> 0 | K19: =COUNTIF('QV-10'!L:L,"FAIL") -> 0 | L19: =COUNTIF('QV-10'!L:L,"DRAFT") -> 15 | M19: =IF(I19+J19+K19+L19=0,"—",TEXT((I19)/15,"0%")) -> 0%
A20: 16 | B20: QV-11 | C20: QV | D20: Anecdotes N2/N3 | E20: 15 | F20: ANE-01 à 08 / ANE-12 / ANE-15 (discours 1950, Pelé 17 ans, trophée volé, but fantôme...) | G20: IF-ROT-03 | H20: ANE-02 Pelé 17 ans → non-collision IF-SF-01. ANE-15 → orienter sur 'humiliation' pas score | I20: =COUNTIF('QV-11'!L:L,"PASS") -> 0 | J20: =COUNTIF('QV-11'!L:L,"WARNING") -> 0 | K20: =COUNTIF('QV-11'!L:L,"FAIL") -> 0 | L20: =COUNTIF('QV-11'!L:L,"DRAFT") -> 15 | M20: =IF(I20+J20+K20+L20=0,"—",TEXT((I20)/15,"0%")) -> 0%
A21: 17 | B21: QV-12 | C21: QV | D21: Joueurs N3 et légendes historiques | E21: 15 | F21: JOU-10 (Di Stéfano) / JOU-12 (Fontaine) / JOU-13/14/15/16 (Rossi, G.Müller, Garrincha, Charlton) | G21: QV-02 / QV-13 | H21: Fontaine retiré. Rossi +1 angle éditorial → 15 questions. Gerd Müller → vérifier angles vs BUE-03/BUT-03. | I21: =COUNTIF('QV-12'!L:L,"PASS") -> 0 | J21: =COUNTIF('QV-12'!L:L,"WARNING") -> 0 | K21: =COUNTIF('QV-12'!L:L,"FAIL") -> 0 | L21: =COUNTIF('QV-12'!L:L,"DRAFT") -> 15 | M21: =IF(I21+J21+K21+L21=0,"—",TEXT((I21)/15,"0%")) -> 0%
A22: 18 | B22: QV-13 | C22: QV | D22: Buteurs all-time rangs 3-10 + records indiv. | E22: 15 | F22: BUT-03/04/08/09/10 (Müller 14, Fontaine 13, Kocsis 11, Klinsmann 11, Rahn 10) + REC-01/02 | G22: IF-ROT-02 / QV-07 | H22: REC-01 Matthäus 25 matchs → distinct de JOU-17 (QV-02). REC-02 Klose 17 victoires → distinct BUT-01 | I22: =COUNTIF('QV-13'!L:L,"PASS") -> 0 | J22: =COUNTIF('QV-13'!L:L,"WARNING") -> 0 | K22: =COUNTIF('QV-13'!L:L,"FAIL") -> 0 | L22: =COUNTIF('QV-13'!L:L,"DRAFT") -> 15 | M22: =IF(I22+J22+K22+L22=0,"—",TEXT((I22)/15,"0%")) -> 0%
A23: 19 | B23: QV-14 | C23: QV | D23: Pays hôtes et éditions CDM | E23: 15 | F23: Éditorial — organisateurs, formats, règles, années | G23: IF-SF-01 / IF-SF-02 / QV-04 / QV-05 | H23: ⚠️ À VALIDER : périmètre éditorial. Éviter résultats de matchs ou joueurs | I23: =COUNTIF('QV-14'!L:L,"PASS") -> 0 | J23: =COUNTIF('QV-14'!L:L,"WARNING") -> 0 | K23: =COUNTIF('QV-14'!L:L,"FAIL") -> 0 | L23: =COUNTIF('QV-14'!L:L,"DRAFT") -> 15 | M23: =IF(I23+J23+K23+L23=0,"—",TEXT((I23)/15,"0%")) -> 0%
A24: 20 | B24: QV-15 | C24: QV | D24: Curiosités et petite histoire CDM | E24: 15 | F24: Éditorial — trophée, mascottes, ballons, hymnes, records insolites | G24: Tous pools ANGIPREGEN directs | H24: ⚠️ À VALIDER : périmètre éditorial. Viser accessibilité N1/N2 | I24: =COUNTIF('QV-15'!L:L,"PASS") -> 0 | J24: =COUNTIF('QV-15'!L:L,"WARNING") -> 0 | K24: =COUNTIF('QV-15'!L:L,"FAIL") -> 0 | L24: =COUNTIF('QV-15'!L:L,"DRAFT") -> 15 | M24: =IF(I24+J24+K24+L24=0,"—",TEXT((I24)/15,"0%")) -> 0%

Sheet IF-SF-01
A1: CDM-POOL-IF-SF-01 — LÉGENDES ABSOLUES (IF-SF) — TARGET : 8 questions
A2: SOURCE : JOU-01 (Pelé) / JOU-02 (Maradona)
A3: EXCLUS : Tous les autres pools | NOTES : Pool identitaire fort — angles Pelé et Maradona uniquement
A5: ID_Q | B5: Pool | C5: Angle_ID | D5: Niveau | E5: Question | F5: A | G5: B | H5: C | I5: D | J5: Bonne_Rep | K5: Tags | L5: QA_STATUS
A6: CDM-IFSF01-Q001 | B6: CDM-POOL-IF-SF-01 | L6: DRAFT
A7: CDM-IFSF01-Q002 | B7: CDM-POOL-IF-SF-01 | L7: DRAFT
A8: CDM-IFSF01-Q003 | B8: CDM-POOL-IF-SF-01 | L8: DRAFT
A9: CDM-IFSF01-Q004 | B9: CDM-POOL-IF-SF-01 | L9: DRAFT
A10: CDM-IFSF01-Q005 | B10: CDM-POOL-IF-SF-01 | L10: DRAFT
A11: CDM-IFSF01-Q006 | B11: CDM-POOL-IF-SF-01 | L11: DRAFT
A12: CDM-IFSF01-Q007 | B12: CDM-POOL-IF-SF-01 | L12: DRAFT
A13: CDM-IFSF01-Q008 | B13: CDM-POOL-IF-SF-01 | L13: DRAFT
A14: TOTAL — 8 questions cibles | I14: =COUNTIF(I6:I13,"PASS") -> 0 | J14: =COUNTIF(J6:J13,"WARNING") -> 0 | K14: =COUNTIF(K6:K13,"FAIL") -> 0 | L14: =COUNTIF(L6:L13,"DRAFT") -> 8

Sheet IF-SF-02
A1: CDM-POOL-IF-SF-02 — FINALES EMBLÉMATIQUES MODERNES (IF-SF) — TARGET : 8 questions
A2: SOURCE : MAT-09 (1998) / MAT-14 (2018) / MAT-15 (2022)
A3: EXCLUS : Tous les autres pools | ⚠️ COLLISION_WATCH MBAPPÉ : angles de ce pool (MAT-15 finale 2022) ≠ IF-ROT-02 (BUT-07 buts all-time) ≠ QV-01 (JOU-19 joueur) ≠ QV-07 (BUE-09 hat-trick). Vérifier non-duplication à la génération B2.
A5: ID_Q | B5: Pool | C5: Angle_ID | D5: Niveau | E5: Question | F5: A | G5: B | H5: C | I5: D | J5: Bonne_Rep | K5: Tags | L5: QA_STATUS
A6: CDM-IFSF02-Q001 | B6: CDM-POOL-IF-SF-02 | L6: DRAFT
A7: CDM-IFSF02-Q002 | B7: CDM-POOL-IF-SF-02 | L7: DRAFT
A8: CDM-IFSF02-Q003 | B8: CDM-POOL-IF-SF-02 | L8: DRAFT
A9: CDM-IFSF02-Q004 | B9: CDM-POOL-IF-SF-02 | L9: DRAFT
A10: CDM-IFSF02-Q005 | B10: CDM-POOL-IF-SF-02 | L10: DRAFT
A11: CDM-IFSF02-Q006 | B11: CDM-POOL-IF-SF-02 | L11: DRAFT
A12: CDM-IFSF02-Q007 | B12: CDM-POOL-IF-SF-02 | L12: DRAFT
A13: CDM-IFSF02-Q008 | B13: CDM-POOL-IF-SF-02 | L13: DRAFT
A14: TOTAL — 8 questions cibles | I14: =COUNTIF(I6:I13,"PASS") -> 0 | J14: =COUNTIF(J6:J13,"WARNING") -> 0 | K14: =COUNTIF(K6:K13,"FAIL") -> 0 | L14: =COUNTIF(L6:L13,"DRAFT") -> 8

Sheet IF-ROT-01
A1: CDM-POOL-IF-ROT-01 — GRANDES NATIONS CHAMPIONNES (IF-ROT) — TARGET : 12 questions
A2: SOURCE : FIN-01 (All.) / FIN-02 (Brés.) / FIN-03 (Ita.) / FIN-04 (Arg.) / FIN-05 (Fra.)
A3: EXCLUS : QV-09 | NOTES : Focus palmarès, titres, années. Autres finalistes → QV-09
A5: ID_Q | B5: Pool | C5: Angle_ID | D5: Niveau | E5: Question | F5: A | G5: B | H5: C | I5: D | J5: Bonne_Rep | K5: Tags | L5: QA_STATUS
A6: CDM-IFROT01-Q001 | B6: CDM-POOL-IF-ROT-01 | L6: DRAFT
A7: CDM-IFROT01-Q002 | B7: CDM-POOL-IF-ROT-01 | L7: DRAFT
A8: CDM-IFROT01-Q003 | B8: CDM-POOL-IF-ROT-01 | L8: DRAFT
A9: CDM-IFROT01-Q004 | B9: CDM-POOL-IF-ROT-01 | L9: DRAFT
A10: CDM-IFROT01-Q005 | B10: CDM-POOL-IF-ROT-01 | L10: DRAFT
A11: CDM-IFROT01-Q006 | B11: CDM-POOL-IF-ROT-01 | L11: DRAFT
A12: CDM-IFROT01-Q007 | B12: CDM-POOL-IF-ROT-01 | L12: DRAFT
A13: CDM-IFROT01-Q008 | B13: CDM-POOL-IF-ROT-01 | L13: DRAFT
A14: CDM-IFROT01-Q009 | B14: CDM-POOL-IF-ROT-01 | L14: DRAFT
A15: CDM-IFROT01-Q010 | B15: CDM-POOL-IF-ROT-01 | L15: DRAFT
A16: CDM-IFROT01-Q011 | B16: CDM-POOL-IF-ROT-01 | L16: DRAFT
A17: CDM-IFROT01-Q012 | B17: CDM-POOL-IF-ROT-01 | L17: DRAFT
A18: TOTAL — 12 questions cibles | I18: =COUNTIF(I6:I17,"PASS") -> 0 | J18: =COUNTIF(J6:J17,"WARNING") -> 0 | K18: =COUNTIF(K6:K17,"FAIL") -> 0 | L18: =COUNTIF(L6:L17,"DRAFT") -> 12

Sheet IF-ROT-02
A1: CDM-POOL-IF-ROT-02 — RECORDS BUTEURS ALL-TIME (TOP 5) (IF-ROT) — TARGET : 12 questions
A2: SOURCE : BUT-01 (Klose 16) / BUT-02 (Ronaldo 15) / BUT-05 (Messi 13) / BUT-06 (Pelé 12) / BUT-07 (Mbappé 12)
A3: EXCLUS : QV-13 | ⚠️ COLLISION_WATCH MBAPPÉ : angles de ce pool (BUT-07 : 12 buts all-time, rang) ≠ IF-SF-02 (MAT-15 finale) ≠ QV-01 (JOU-19 joueur) ≠ QV-07 (BUE-09 hat-trick 2022). Ne pas dupliquer Pelé (→ IF-SF-01).
A5: ID_Q | B5: Pool | C5: Angle_ID | D5: Niveau | E5: Question | F5: A | G5: B | H5: C | I5: D | J5: Bonne_Rep | K5: Tags | L5: QA_STATUS
A6: CDM-IFROT02-Q001 | B6: CDM-POOL-IF-ROT-02 | L6: DRAFT
A7: CDM-IFROT02-Q002 | B7: CDM-POOL-IF-ROT-02 | L7: DRAFT
A8: CDM-IFROT02-Q003 | B8: CDM-POOL-IF-ROT-02 | L8: DRAFT
A9: CDM-IFROT02-Q004 | B9: CDM-POOL-IF-ROT-02 | L9: DRAFT
A10: CDM-IFROT02-Q005 | B10: CDM-POOL-IF-ROT-02 | L10: DRAFT
A11: CDM-IFROT02-Q006 | B11: CDM-POOL-IF-ROT-02 | L11: DRAFT
A12: CDM-IFROT02-Q007 | B12: CDM-POOL-IF-ROT-02 | L12: DRAFT
A13: CDM-IFROT02-Q008 | B13: CDM-POOL-IF-ROT-02 | L13: DRAFT
A14: CDM-IFROT02-Q009 | B14: CDM-POOL-IF-ROT-02 | L14: DRAFT
A15: CDM-IFROT02-Q010 | B15: CDM-POOL-IF-ROT-02 | L15: DRAFT
A16: CDM-IFROT02-Q011 | B16: CDM-POOL-IF-ROT-02 | L16: DRAFT
A17: CDM-IFROT02-Q012 | B17: CDM-POOL-IF-ROT-02 | L17: DRAFT
A18: TOTAL — 12 questions cibles | I18: =COUNTIF(I6:I17,"PASS") -> 0 | J18: =COUNTIF(J6:J17,"WARNING") -> 0 | K18: =COUNTIF(K6:K17,"FAIL") -> 0 | L18: =COUNTIF(L6:L17,"DRAFT") -> 12

Sheet IF-ROT-03
A1: CDM-POOL-IF-ROT-03 — ANECDOTES CÉLÈBRES N1 (IF-ROT) — TARGET : 12 questions
A2: SOURCE : ANE-09 (Schumacher) / ANE-10 (Main de Dieu) / ANE-11 (Baggio) / ANE-13 (Zidane) / ANE-14 (Paul Poulpe)
A3: EXCLUS : QV-11 | NOTES : ANE-10 → orienter sur anecdote (MAT-07 oriente sur match)
A5: ID_Q | B5: Pool | C5: Angle_ID | D5: Niveau | E5: Question | F5: A | G5: B | H5: C | I5: D | J5: Bonne_Rep | K5: Tags | L5: QA_STATUS
A6: CDM-IFROT03-Q001 | B6: CDM-POOL-IF-ROT-03 | L6: DRAFT
A7: CDM-IFROT03-Q002 | B7: CDM-POOL-IF-ROT-03 | L7: DRAFT
A8: CDM-IFROT03-Q003 | B8: CDM-POOL-IF-ROT-03 | L8: DRAFT
A9: CDM-IFROT03-Q004 | B9: CDM-POOL-IF-ROT-03 | L9: DRAFT
A10: CDM-IFROT03-Q005 | B10: CDM-POOL-IF-ROT-03 | L10: DRAFT
A11: CDM-IFROT03-Q006 | B11: CDM-POOL-IF-ROT-03 | L11: DRAFT
A12: CDM-IFROT03-Q007 | B12: CDM-POOL-IF-ROT-03 | L12: DRAFT
A13: CDM-IFROT03-Q008 | B13: CDM-POOL-IF-ROT-03 | L13: DRAFT
A14: CDM-IFROT03-Q009 | B14: CDM-POOL-IF-ROT-03 | L14: DRAFT
A15: CDM-IFROT03-Q010 | B15: CDM-POOL-IF-ROT-03 | L15: DRAFT
A16: CDM-IFROT03-Q011 | B16: CDM-POOL-IF-ROT-03 | L16: DRAFT
A17: CDM-IFROT03-Q012 | B17: CDM-POOL-IF-ROT-03 | L17: DRAFT
A18: TOTAL — 12 questions cibles | I18: =COUNTIF(I6:I17,"PASS") -> 0 | J18: =COUNTIF(J6:J17,"WARNING") -> 0 | K18: =COUNTIF(K6:K17,"FAIL") -> 0 | L18: =COUNTIF(L6:L17,"DRAFT") -> 12

Sheet QV-01
A1: CDM-POOL-QV-01 — JOUEURS N1 COMPLÉMENTAIRES (QV) — TARGET : 15 questions
A2: SOURCE : JOU-03 (Messi) / JOU-04 (CR7) / JOU-06 (Zidane) / JOU-08 (Ronaldo) / JOU-19 (Mbappé)
A3: EXCLUS : IF-SF-01 / IF-SF-02 | ⚠️ COLLISION_WATCH MBAPPÉ : angles de ce pool (JOU-19 : participations, nationalité, surnom) ≠ IF-SF-02 (MAT-15 finale) ≠ IF-ROT-02 (BUT-07 buts all-time) ≠ QV-07 (BUE-09 hat-trick). Zidane buts finale 1998 → réservé IF-SF-02.
A5: ID_Q | B5: Pool | C5: Angle_ID | D5: Niveau | E5: Question | F5: A | G5: B | H5: C | I5: D | J5: Bonne_Rep | K5: Tags | L5: QA_STATUS
A6: CDM-QV01-Q001 | B6: CDM-POOL-QV-01 | L6: DRAFT
A7: CDM-QV01-Q002 | B7: CDM-POOL-QV-01 | L7: DRAFT
A8: CDM-QV01-Q003 | B8: CDM-POOL-QV-01 | L8: DRAFT
A9: CDM-QV01-Q004 | B9: CDM-POOL-QV-01 | L9: DRAFT
A10: CDM-QV01-Q005 | B10: CDM-POOL-QV-01 | L10: DRAFT
A11: CDM-QV01-Q006 | B11: CDM-POOL-QV-01 | L11: DRAFT
A12: CDM-QV01-Q007 | B12: CDM-POOL-QV-01 | L12: DRAFT
A13: CDM-QV01-Q008 | B13: CDM-POOL-QV-01 | L13: DRAFT
A14: CDM-QV01-Q009 | B14: CDM-POOL-QV-01 | L14: DRAFT
A15: CDM-QV01-Q010 | B15: CDM-POOL-QV-01 | L15: DRAFT
A16: CDM-QV01-Q011 | B16: CDM-POOL-QV-01 | L16: DRAFT
A17: CDM-QV01-Q012 | B17: CDM-POOL-QV-01 | L17: DRAFT
... A20: CDM-QV01-Q015 | B20: CDM-POOL-QV-01 | L20: DRAFT
A21: TOTAL — 15 questions cibles | I21: =COUNTIF(I6:I20,"PASS") -> 0 | J21: =COUNTIF(J6:J20,"WARNING") -> 0 | K21: =COUNTIF(K6:K20,"FAIL") -> 0 | L21: =COUNTIF(L6:L20,"DRAFT") -> 15

Sheet QV-02
A1: CDM-POOL-QV-02 — JOUEURS N2 — LES GRANDS NOMS (QV) — TARGET : 15 questions
A2: SOURCE : JOU-05/07/09/11/17/18/20 (Cruyff, Beckenbauer, Platini, Klose, Matthäus, Neuer, Modrić)
A3: EXCLUS : QV-12 | NOTES : 24 angles disponibles → 15 retenus
A5: ID_Q | B5: Pool | C5: Angle_ID | D5: Niveau | E5: Question | F5: A | G5: B | H5: C | I5: D | J5: Bonne_Rep | K5: Tags | L5: QA_STATUS
A6: CDM-QV02-Q001 | B6: CDM-POOL-QV-02 | L6: DRAFT
A7: CDM-QV02-Q002 | B7: CDM-POOL-QV-02 | L7: DRAFT
A8: CDM-QV02-Q003 | B8: CDM-POOL-QV-02 | L8: DRAFT
A9: CDM-QV02-Q004 | B9: CDM-POOL-QV-02 | L9: DRAFT
A10: CDM-QV02-Q005 | B10: CDM-POOL-QV-02 | L10: DRAFT
A11: CDM-QV02-Q006 | B11: CDM-POOL-QV-02 | L11: DRAFT
A12: CDM-QV02-Q007 | B12: CDM-POOL-QV-02 | L12: DRAFT
A13: CDM-QV02-Q008 | B13: CDM-POOL-QV-02 | L13: DRAFT
A14: CDM-QV02-Q009 | B14: CDM-POOL-QV-02 | L14: DRAFT
A15: CDM-QV02-Q010 | B15: CDM-POOL-QV-02 | L15: DRAFT
A16: CDM-QV02-Q011 | B16: CDM-POOL-QV-02 | L16: DRAFT
A17: CDM-QV02-Q012 | B17: CDM-POOL-QV-02 | L17: DRAFT
... A20: CDM-QV02-Q015 | B20: CDM-POOL-QV-02 | L20: DRAFT
A21: TOTAL — 15 questions cibles | I21: =COUNTIF(I6:I20,"PASS") -> 0 | J21: =COUNTIF(J6:J20,"WARNING") -> 0 | K21: =COUNTIF(K6:K20,"FAIL") -> 0 | L21: =COUNTIF(L6:L20,"DRAFT") -> 15

Sheet QV-03
A1: CDM-POOL-QV-03 — DYNASTIES ÉQUIPES MYTHIQUES (QV) — TARGET : 15 questions
A2: SOURCE : Éditorial — Brésil 1970 / All. 1974 / Arg. 1986 / France 1998 / Espagne 2010 / All. 2014
A3: EXCLUS : IF-SF-01 / IF-SF-02 / QV-01 / QV-04 / QV-05 | NOTES : 6 dynasties validées ✅ (13/05/2026) : Brésil 1970 / All. 1974 / Arg. 1986 / France 1998 / Espagne 2010 / All. 2014. Éviter joueurs individuels (→ pools JOU) et matchs assignés (→ QV-04/QV-05).
A5: ID_Q | B5: Pool | C5: Angle_ID | D5: Niveau | E5: Question | F5: A | G5: B | H5: C | I5: D | J5: Bonne_Rep | K5: Tags | L5: QA_STATUS
A6: CDM-QV03-Q001 | B6: CDM-POOL-QV-03 | L6: DRAFT
A7: CDM-QV03-Q002 | B7: CDM-POOL-QV-03 | L7: DRAFT
A8: CDM-QV03-Q003 | B8: CDM-POOL-QV-03 | L8: DRAFT
A9: CDM-QV03-Q004 | B9: CDM-POOL-QV-03 | L9: DRAFT
A10: CDM-QV03-Q005 | B10: CDM-POOL-QV-03 | L10: DRAFT
A11: CDM-QV03-Q006 | B11: CDM-POOL-QV-03 | L11: DRAFT
A12: CDM-QV03-Q007 | B12: CDM-POOL-QV-03 | L12: DRAFT
A13: CDM-QV03-Q008 | B13: CDM-POOL-QV-03 | L13: DRAFT
A14: CDM-QV03-Q009 | B14: CDM-POOL-QV-03 | L14: DRAFT
A15: CDM-QV03-Q010 | B15: CDM-POOL-QV-03 | L15: DRAFT
A16: CDM-QV03-Q011 | B16: CDM-POOL-QV-03 | L16: DRAFT
A17: CDM-QV03-Q012 | B17: CDM-POOL-QV-03 | L17: DRAFT
... A20: CDM-QV03-Q015 | B20: CDM-POOL-QV-03 | L20: DRAFT
A21: TOTAL — 15 questions cibles | I21: =COUNTIF(I6:I20,"PASS") -> 0 | J21: =COUNTIF(J6:J20,"WARNING") -> 0 | K21: =COUNTIF(K6:K20,"FAIL") -> 0 | L21: =COUNTIF(L6:L20,"DRAFT") -> 15

Sheet QV-04
A1: CDM-POOL-QV-04 — FINALES ET MATCHS 1930-1978 (QV) — TARGET : 15 questions
A2: SOURCE : MAT-01 (1950) / MAT-02 (1966) / MAT-03 (1970) / MAT-04 (1974) / MAT-05 (1978)
A3: EXCLUS : IF-SF-02 / QV-05 | NOTES : Football total NL 1974 → ne pas dupliquer avec QV-09
A5: ID_Q | B5: Pool | C5: Angle_ID | D5: Niveau | E5: Question | F5: A | G5: B | H5: C | I5: D | J5: Bonne_Rep | K5: Tags | L5: QA_STATUS
A6: CDM-QV04-Q001 | B6: CDM-POOL-QV-04 | L6: DRAFT
A7: CDM-QV04-Q002 | B7: CDM-POOL-QV-04 | L7: DRAFT
A8: CDM-QV04-Q003 | B8: CDM-POOL-QV-04 | L8: DRAFT
A9: CDM-QV04-Q004 | B9: CDM-POOL-QV-04 | L9: DRAFT
A10: CDM-QV04-Q005 | B10: CDM-POOL-QV-04 | L10: DRAFT
A11: CDM-QV04-Q006 | B11: CDM-POOL-QV-04 | L11: DRAFT
A12: CDM-QV04-Q007 | B12: CDM-POOL-QV-04 | L12: DRAFT
A13: CDM-QV04-Q008 | B13: CDM-POOL-QV-04 | L13: DRAFT
A14: CDM-QV04-Q009 | B14: CDM-POOL-QV-04 | L14: DRAFT
A15: CDM-QV04-Q010 | B15: CDM-POOL-QV-04 | L15: DRAFT
A16: CDM-QV04-Q011 | B16: CDM-POOL-QV-04 | L16: DRAFT
A17: CDM-QV04-Q012 | B17: CDM-POOL-QV-04 | L17: DRAFT
... A20: CDM-QV04-Q015 | B20: CDM-POOL-QV-04 | L20: DRAFT
A21: TOTAL — 15 questions cibles | I21: =COUNTIF(I6:I20,"PASS") -> 0 | J21: =COUNTIF(J6:J20,"WARNING") -> 0 | K21: =COUNTIF(K6:K20,"FAIL") -> 0 | L21: =COUNTIF(L6:L20,"DRAFT") -> 15

Sheet QV-05
A1: CDM-POOL-QV-05 — MATCHS MARQUANTS 1982-2014 (QV) — TARGET : 15 questions
A2: SOURCE : MAT-06/07/08/10/11/12/13 (Séville, Main de Dieu, 1994, 2002, 2006, 2010, 7-1)
A3: EXCLUS : IF-SF-02 / QV-04 | NOTES : MAT-07 ≠ ANE-10 : angles distincts mais contexte commun
A5: ID_Q | B5: Pool | C5: Angle_ID | D5: Niveau | E5: Question | F5: A | G5: B | H5: C | I5: D | J5: Bonne_Rep | K5: Tags | L5: QA_STATUS
A6: CDM-QV05-Q001 | B6: CDM-POOL-QV-05 | L6: DRAFT
A7: CDM-QV05-Q002 | B7: CDM-POOL-QV-05 | L7: DRAFT
A8: CDM-QV05-Q003 | B8: CDM-POOL-QV-05 | L8: DRAFT
A9: CDM-QV05-Q004 | B9: CDM-POOL-QV-05 | L9: DRAFT
A10: CDM-QV05-Q005 | B10: CDM-POOL-QV-05 | L10: DRAFT
A11: CDM-QV05-Q006 | B11: CDM-POOL-QV-05 | L11: DRAFT
A12: CDM-QV05-Q007 | B12: CDM-POOL-QV-05 | L12: DRAFT
A13: CDM-QV05-Q008 | B13: CDM-POOL-QV-05 | L13: DRAFT
A14: CDM-QV05-Q009 | B14: CDM-POOL-QV-05 | L14: DRAFT
A15: CDM-QV05-Q010 | B15: CDM-POOL-QV-05 | L15: DRAFT
A16: CDM-QV05-Q011 | B16: CDM-POOL-QV-05 | L16: DRAFT
A17: CDM-QV05-Q012 | B17: CDM-POOL-QV-05 | L17: DRAFT
... A20: CDM-QV05-Q015 | B20: CDM-POOL-QV-05 | L20: DRAFT
A21: TOTAL — 15 questions cibles | I21: =COUNTIF(I6:I20,"PASS") -> 0 | J21: =COUNTIF(J6:J20,"WARNING") -> 0 | K21: =COUNTIF(K6:K20,"FAIL") -> 0 | L21: =COUNTIF(L6:L20,"DRAFT") -> 15

Sheet QV-06
A1: CDM-POOL-QV-06 — STADES MYTHIQUES CDM (QV) — TARGET : 15 questions
A2: SOURCE : STA-01 (Maracanã) / STA-02 (Azteca) / STA-03 (Wembley) / STA-04 à 07
A3: EXCLUS : — | NOTES : 15 angles disponibles → 15 ✓. Affluence Maracanã → réservé QV-08
A5: ID_Q | B5: Pool | C5: Angle_ID | D5: Niveau | E5: Question | F5: A | G5: B | H5: C | I5: D | J5: Bonne_Rep | K5: Tags | L5: QA_STATUS
A6: CDM-QV06-Q001 | B6: CDM-POOL-QV-06 | L6: DRAFT
A7: CDM-QV06-Q002 | B7: CDM-POOL-QV-06 | L7: DRAFT
A8: CDM-QV06-Q003 | B8: CDM-POOL-QV-06 | L8: DRAFT
A9: CDM-QV06-Q004 | B9: CDM-POOL-QV-06 | L9: DRAFT
A10: CDM-QV06-Q005 | B10: CDM-POOL-QV-06 | L10: DRAFT
A11: CDM-QV06-Q006 | B11: CDM-POOL-QV-06 | L11: DRAFT
A12: CDM-QV06-Q007 | B12: CDM-POOL-QV-06 | L12: DRAFT
A13: CDM-QV06-Q008 | B13: CDM-POOL-QV-06 | L13: DRAFT
A14: CDM-QV06-Q009 | B14: CDM-POOL-QV-06 | L14: DRAFT
A15: CDM-QV06-Q010 | B15: CDM-POOL-QV-06 | L15: DRAFT
A16: CDM-QV06-Q011 | B16: CDM-POOL-QV-06 | L16: DRAFT
A17: CDM-QV06-Q012 | B17: CDM-POOL-QV-06 | L17: DRAFT
... A20: CDM-QV06-Q015 | B20: CDM-POOL-QV-06 | L20: DRAFT
A21: TOTAL — 15 questions cibles | I21: =COUNTIF(I6:I20,"PASS") -> 0 | J21: =COUNTIF(J6:J20,"WARNING") -> 0 | K21: =COUNTIF(K6:K20,"FAIL") -> 0 | L21: =COUNTIF(L6:L20,"DRAFT") -> 15

Sheet QV-07
A1: CDM-POOL-QV-07 — BUTEURS PAR ÉDITION (SOULIER D'OR) (QV) — TARGET : 15 questions
A2: SOURCE : BUE-01 (Fontaine 1958) / BUE-02 (Kocsis 1954) / BUE-03 à 10
A3: EXCLUS : IF-ROT-02 / QV-13 | ⚠️ COLLISION_WATCH MBAPPÉ : angles de ce pool (BUE-09 : hat-trick finale 2022, Soulier d'Or) ≠ IF-SF-02 (MAT-15 contexte finale) ≠ IF-ROT-02 (BUT-07 rang all-time) ≠ QV-01 (JOU-19 joueur). Vérifier non-collision MAT-15.
A5: ID_Q | B5: Pool | C5: Angle_ID | D5: Niveau | E5: Question | F5: A | G5: B | H5: C | I5: D | J5: Bonne_Rep | K5: Tags | L5: QA_STATUS
A6: CDM-QV07-Q001 | B6: CDM-POOL-QV-07 | L6: DRAFT
A7: CDM-QV07-Q002 | B7: CDM-POOL-QV-07 | L7: DRAFT
A8: CDM-QV07-Q003 | B8: CDM-POOL-QV-07 | L8: DRAFT
A9: CDM-QV07-Q004 | B9: CDM-POOL-QV-07 | L9: DRAFT
A10: CDM-QV07-Q005 | B10: CDM-POOL-QV-07 | L10: DRAFT
A11: CDM-QV07-Q006 | B11: CDM-POOL-QV-07 | L11: DRAFT
A12: CDM-QV07-Q007 | B12: CDM-POOL-QV-07 | L12: DRAFT
A13: CDM-QV07-Q008 | B13: CDM-POOL-QV-07 | L13: DRAFT
A14: CDM-QV07-Q009 | B14: CDM-POOL-QV-07 | L14: DRAFT
A15: CDM-QV07-Q010 | B15: CDM-POOL-QV-07 | L15: DRAFT
A16: CDM-QV07-Q011 | B16: CDM-POOL-QV-07 | L16: DRAFT
A17: CDM-QV07-Q012 | B17: CDM-POOL-QV-07 | L17: DRAFT
... A20: CDM-QV07-Q015 | B20: CDM-POOL-QV-07 | L20: DRAFT
A21: TOTAL — 15 questions cibles | I21: =COUNTIF(I6:I20,"PASS") -> 0 | J21: =COUNTIF(J6:J20,"WARNING") -> 0 | K21: =COUNTIF(K6:K20,"FAIL") -> 0 | L21: =COUNTIF(L6:L20,"DRAFT") -> 15

Sheet QV-08
A1: CDM-POOL-QV-08 — RECORDS CDM COLLECTIFS (QV) — TARGET : 15 questions
A2: SOURCE : REC-03 à 09 (âgé/jeune joueur, large victoire, buts, finale, affluence, but rapide)
A3: EXCLUS : QV-13 | NOTES : REC-09 Şükür 11s = angle le plus jouable — prioriser
A5: ID_Q | B5: Pool | C5: Angle_ID | D5: Niveau | E5: Question | F5: A | G5: B | H5: C | I5: D | J5: Bonne_Rep | K5: Tags | L5: QA_STATUS
A6: CDM-QV08-Q001 | B6: CDM-POOL-QV-08 | L6: DRAFT
A7: CDM-QV08-Q002 | B7: CDM-POOL-QV-08 | L7: DRAFT
A8: CDM-QV08-Q003 | B8: CDM-POOL-QV-08 | L8: DRAFT
A9: CDM-QV08-Q004 | B9: CDM-POOL-QV-08 | L9: DRAFT
A10: CDM-QV08-Q005 | B10: CDM-POOL-QV-08 | L10: DRAFT
A11: CDM-QV08-Q006 | B11: CDM-POOL-QV-08 | L11: DRAFT
A12: CDM-QV08-Q007 | B12: CDM-POOL-QV-08 | L12: DRAFT
A13: CDM-QV08-Q008 | B13: CDM-POOL-QV-08 | L13: DRAFT
A14: CDM-QV08-Q009 | B14: CDM-POOL-QV-08 | L14: DRAFT
A15: CDM-QV08-Q010 | B15: CDM-POOL-QV-08 | L15: DRAFT
A16: CDM-QV08-Q011 | B16: CDM-POOL-QV-08 | L16: DRAFT
A17: CDM-QV08-Q012 | B17: CDM-POOL-QV-08 | L17: DRAFT
... A20: CDM-QV08-Q015 | B20: CDM-POOL-QV-08 | L20: DRAFT
A21: TOTAL — 15 questions cibles | I21: =COUNTIF(I6:I20,"PASS") -> 0 | J21: =COUNTIF(J6:J20,"WARNING") -> 0 | K21: =COUNTIF(K6:K20,"FAIL") -> 0 | L21: =COUNTIF(L6:L20,"DRAFT") -> 15

Sheet QV-09
A1: CDM-POOL-QV-09 — FINALISTES HORS GRANDES NATIONS (QV) — TARGET : 15 questions
A2: SOURCE : FIN-06 (NL) / FIN-07 (Uru) / FIN-08 (Hon) / FIN-09 (Tch.) / FIN-10 (Ang.)
A3: EXCLUS : IF-ROT-01 | NOTES : NL 4 angles (seule grande nation sans titre). Football total 1974 → vérifier QV-04
A5: ID_Q | B5: Pool | C5: Angle_ID | D5: Niveau | E5: Question | F5: A | G5: B | H5: C | I5: D | J5: Bonne_Rep | K5: Tags | L5: QA_STATUS
A6: CDM-QV09-Q001 | B6: CDM-POOL-QV-09 | L6: DRAFT
A7: CDM-QV09-Q002 | B7: CDM-POOL-QV-09 | L7: DRAFT
A8: CDM-QV09-Q003 | B8: CDM-POOL-QV-09 | L8: DRAFT
A9: CDM-QV09-Q004 | B9: CDM-POOL-QV-09 | L9: DRAFT
A10: CDM-QV09-Q005 | B10: CDM-POOL-QV-09 | L10: DRAFT
A11: CDM-QV09-Q006 | B11: CDM-POOL-QV-09 | L11: DRAFT
A12: CDM-QV09-Q007 | B12: CDM-POOL-QV-09 | L12: DRAFT
A13: CDM-QV09-Q008 | B13: CDM-POOL-QV-09 | L13: DRAFT
A14: CDM-QV09-Q009 | B14: CDM-POOL-QV-09 | L14: DRAFT
A15: CDM-QV09-Q010 | B15: CDM-POOL-QV-09 | L15: DRAFT
A16: CDM-QV09-Q011 | B16: CDM-POOL-QV-09 | L16: DRAFT
A17: CDM-QV09-Q012 | B17: CDM-POOL-QV-09 | L17: DRAFT
... A20: CDM-QV09-Q015 | B20: CDM-POOL-QV-09 | L20: DRAFT
A21: TOTAL — 15 questions cibles | I21: =COUNTIF(I6:I20,"PASS") -> 0 | J21: =COUNTIF(J6:J20,"WARNING") -> 0 | K21: =COUNTIF(K6:K20,"FAIL") -> 0 | L21: =COUNTIF(L6:L20,"DRAFT") -> 15

Sheet QV-10
A1: CDM-POOL-QV-10 — PARTICIPATIONS DES NATIONS (QV) — TARGET : 15 questions
A2: SOURCE : PAR-01 à 15 (Brésil 22, All. 20, Italie 18, Argentine 18...)
A3: EXCLUS : IF-ROT-01 / QV-09 | NOTES : PAR-01 Brésil présent à toutes les éditions = angle fort. Focus rang/nombre, pas palmarès
A5: ID_Q | B5: Pool | C5: Angle_ID | D5: Niveau | E5: Question | F5: A | G5: B | H5: C | I5: D | J5: Bonne_Rep | K5: Tags | L5: QA_STATUS
A6: CDM-QV10-Q001 | B6: CDM-POOL-QV-10 | L6: DRAFT
A7: CDM-QV10-Q002 | B7: CDM-POOL-QV-10 | L7: DRAFT
A8: CDM-QV10-Q003 | B8: CDM-POOL-QV-10 | L8: DRAFT
A9: CDM-QV10-Q004 | B9: CDM-POOL-QV-10 | L9: DRAFT
A10: CDM-QV10-Q005 | B10: CDM-POOL-QV-10 | L10: DRAFT
A11: CDM-QV10-Q006 | B11: CDM-POOL-QV-10 | L11: DRAFT
A12: CDM-QV10-Q007 | B12: CDM-POOL-QV-10 | L12: DRAFT
A13: CDM-QV10-Q008 | B13: CDM-POOL-QV-10 | L13: DRAFT
A14: CDM-QV10-Q009 | B14: CDM-POOL-QV-10 | L14: DRAFT
A15: CDM-QV10-Q010 | B15: CDM-POOL-QV-10 | L15: DRAFT
A16: CDM-QV10-Q011 | B16: CDM-POOL-QV-10 | L16: DRAFT
A17: CDM-QV10-Q012 | B17: CDM-POOL-QV-10 | L17: DRAFT
... A20: CDM-QV10-Q015 | B20: CDM-POOL-QV-10 | L20: DRAFT
A21: TOTAL — 15 questions cibles | I21: =COUNTIF(I6:I20,"PASS") -> 0 | J21: =COUNTIF(J6:J20,"WARNING") -> 0 | K21: =COUNTIF(K6:K20,"FAIL") -> 0 | L21: =COUNTIF(L6:L20,"DRAFT") -> 15

Sheet QV-11
A1: CDM-POOL-QV-11 — ANECDOTES N2/N3 (QV) — TARGET : 15 questions
A2: SOURCE : ANE-01 à 08 / ANE-12 / ANE-15 (discours 1950, Pelé 17 ans, trophée volé, but fantôme...)
A3: EXCLUS : IF-ROT-03 | NOTES : ANE-02 Pelé 17 ans → non-collision IF-SF-01. ANE-15 → orienter sur 'humiliation' pas score
A5: ID_Q | B5: Pool | C5: Angle_ID | D5: Niveau | E5: Question | F5: A | G5: B | H5: C | I5: D | J5: Bonne_Rep | K5: Tags | L5: QA_STATUS
A6: CDM-QV11-Q001 | B6: CDM-POOL-QV-11 | L6: DRAFT
A7: CDM-QV11-Q002 | B7: CDM-POOL-QV-11 | L7: DRAFT
A8: CDM-QV11-Q003 | B8: CDM-POOL-QV-11 | L8: DRAFT
A9: CDM-QV11-Q004 | B9: CDM-POOL-QV-11 | L9: DRAFT
A10: CDM-QV11-Q005 | B10: CDM-POOL-QV-11 | L10: DRAFT
A11: CDM-QV11-Q006 | B11: CDM-POOL-QV-11 | L11: DRAFT
A12: CDM-QV11-Q007 | B12: CDM-POOL-QV-11 | L12: DRAFT
A13: CDM-QV11-Q008 | B13: CDM-POOL-QV-11 | L13: DRAFT
A14: CDM-QV11-Q009 | B14: CDM-POOL-QV-11 | L14: DRAFT
A15: CDM-QV11-Q010 | B15: CDM-POOL-QV-11 | L15: DRAFT
A16: CDM-QV11-Q011 | B16: CDM-POOL-QV-11 | L16: DRAFT
A17: CDM-QV11-Q012 | B17: CDM-POOL-QV-11 | L17: DRAFT
... A20: CDM-QV11-Q015 | B20: CDM-POOL-QV-11 | L20: DRAFT
A21: TOTAL — 15 questions cibles | I21: =COUNTIF(I6:I20,"PASS") -> 0 | J21: =COUNTIF(J6:J20,"WARNING") -> 0 | K21: =COUNTIF(K6:K20,"FAIL") -> 0 | L21: =COUNTIF(L6:L20,"DRAFT") -> 15

Sheet QV-12
A1: CDM-POOL-QV-12 — JOUEURS N3 ET LÉGENDES HISTORIQUES (QV) — TARGET : 15 questions
A2: SOURCE : JOU-10 (Di Stéfano) / JOU-13 (Paolo Rossi — 4 angles dont 1 éditorial) / JOU-14 (Gerd Müller) / JOU-15 (Garrincha) / JOU-16 (Bobby Charlton)
A3: EXCLUS : QV-02 / QV-13 | NOTES : Fontaine retiré (multi-pool). Rossi étendu à 4 angles (+1 éditorial : héros/Ballon d'Or 1982, buts en finale). Gerd Müller → angles distincts BUE-03/BUT-03. Total : 15 angles → 15 questions.
A5: ID_Q | B5: Pool | C5: Angle_ID | D5: Niveau | E5: Question | F5: A | G5: B | H5: C | I5: D | J5: Bonne_Rep | K5: Tags | L5: QA_STATUS
A6: CDM-QV12-Q001 | B6: CDM-POOL-QV-12 | L6: DRAFT
A7: CDM-QV12-Q002 | B7: CDM-POOL-QV-12 | L7: DRAFT
A8: CDM-QV12-Q003 | B8: CDM-POOL-QV-12 | L8: DRAFT
A9: CDM-QV12-Q004 | B9: CDM-POOL-QV-12 | L9: DRAFT
A10: CDM-QV12-Q005 | B10: CDM-POOL-QV-12 | L10: DRAFT
A11: CDM-QV12-Q006 | B11: CDM-POOL-QV-12 | L11: DRAFT
A12: CDM-QV12-Q007 | B12: CDM-POOL-QV-12 | L12: DRAFT
A13: CDM-QV12-Q008 | B13: CDM-POOL-QV-12 | L13: DRAFT
A14: CDM-QV12-Q009 | B14: CDM-POOL-QV-12 | L14: DRAFT
A15: CDM-QV12-Q010 | B15: CDM-POOL-QV-12 | L15: DRAFT
A16: CDM-QV12-Q011 | B16: CDM-POOL-QV-12 | L16: DRAFT
A17: CDM-QV12-Q012 | B17: CDM-POOL-QV-12 | L17: DRAFT
... A19: CDM-QV12-Q014 | B19: CDM-POOL-QV-12 | L19: DRAFT
A20: CDM-QV12-Q015 | B20: CDM-POOL-QV-12 | C20: CDM-JOU-13 (+éditorial) | L20: DRAFT
A21: TOTAL — 15 questions cibles | I21: =COUNTIF(I6:I20,"PASS") -> 0 | J21: =COUNTIF(J6:J20,"WARNING") -> 0 | K21: =COUNTIF(K6:K20,"FAIL") -> 0 | L21: =COUNTIF(L6:L20,"DRAFT") -> 15

Sheet QV-13
A1: CDM-POOL-QV-13 — BUTEURS ALL-TIME RANGS 3-10 + RECORDS INDIV. (QV) — TARGET : 15 questions
A2: SOURCE : BUT-03/04/08/09/10 (Müller 14, Fontaine 13, Kocsis 11, Klinsmann 11, Rahn 10) + REC-01/02
A3: EXCLUS : IF-ROT-02 / QV-07 | NOTES : REC-01 Matthäus 25 matchs → distinct de JOU-17 (QV-02). REC-02 Klose 17 victoires → distinct BUT-01
A5: ID_Q | B5: Pool | C5: Angle_ID | D5: Niveau | E5: Question | F5: A | G5: B | H5: C | I5: D | J5: Bonne_Rep | K5: Tags | L5: QA_STATUS
A6: CDM-QV13-Q001 | B6: CDM-POOL-QV-13 | L6: DRAFT
A7: CDM-QV13-Q002 | B7: CDM-POOL-QV-13 | L7: DRAFT
A8: CDM-QV13-Q003 | B8: CDM-POOL-QV-13 | L8: DRAFT
A9: CDM-QV13-Q004 | B9: CDM-POOL-QV-13 | L9: DRAFT
A10: CDM-QV13-Q005 | B10: CDM-POOL-QV-13 | L10: DRAFT
A11: CDM-QV13-Q006 | B11: CDM-POOL-QV-13 | L11: DRAFT
A12: CDM-QV13-Q007 | B12: CDM-POOL-QV-13 | L12: DRAFT
A13: CDM-QV13-Q008 | B13: CDM-POOL-QV-13 | L13: DRAFT
A14: CDM-QV13-Q009 | B14: CDM-POOL-QV-13 | L14: DRAFT
A15: CDM-QV13-Q010 | B15: CDM-POOL-QV-13 | L15: DRAFT
A16: CDM-QV13-Q011 | B16: CDM-POOL-QV-13 | L16: DRAFT
A17: CDM-QV13-Q012 | B17: CDM-POOL-QV-13 | L17: DRAFT
... A20: CDM-QV13-Q015 | B20: CDM-POOL-QV-13 | L20: DRAFT
A21: TOTAL — 15 questions cibles | I21: =COUNTIF(I6:I20,"PASS") -> 0 | J21: =COUNTIF(J6:J20,"WARNING") -> 0 | K21: =COUNTIF(K6:K20,"FAIL") -> 0 | L21: =COUNTIF(L6:L20,"DRAFT") -> 15

Sheet QV-14
A1: CDM-POOL-QV-14 — PAYS HÔTES ET ÉDITIONS CDM (QV) — TARGET : 15 questions
A2: SOURCE : Éditorial — organisateurs, formats, règles, années
A3: EXCLUS : IF-SF-01 / IF-SF-02 / QV-04 / QV-05 | NOTES : ⚠️ À VALIDER : périmètre éditorial. Éviter résultats de matchs ou joueurs
A5: ID_Q | B5: Pool | C5: Angle_ID | D5: Niveau | E5: Question | F5: A | G5: B | H5: C | I5: D | J5: Bonne_Rep | K5: Tags | L5: QA_STATUS
A6: CDM-QV14-Q001 | B6: CDM-POOL-QV-14 | L6: DRAFT
A7: CDM-QV14-Q002 | B7: CDM-POOL-QV-14 | L7: DRAFT
A8: CDM-QV14-Q003 | B8: CDM-POOL-QV-14 | L8: DRAFT
A9: CDM-QV14-Q004 | B9: CDM-POOL-QV-14 | L9: DRAFT
A10: CDM-QV14-Q005 | B10: CDM-POOL-QV-14 | L10: DRAFT
A11: CDM-QV14-Q006 | B11: CDM-POOL-QV-14 | L11: DRAFT
A12: CDM-QV14-Q007 | B12: CDM-POOL-QV-14 | L12: DRAFT
A13: CDM-QV14-Q008 | B13: CDM-POOL-QV-14 | L13: DRAFT
A14: CDM-QV14-Q009 | B14: CDM-POOL-QV-14 | L14: DRAFT
A15: CDM-QV14-Q010 | B15: CDM-POOL-QV-14 | L15: DRAFT
A16: CDM-QV14-Q011 | B16: CDM-POOL-QV-14 | L16: DRAFT
A17: CDM-QV14-Q012 | B17: CDM-POOL-QV-14 | L17: DRAFT
... A20: CDM-QV14-Q015 | B20: CDM-POOL-QV-14 | L20: DRAFT
A21: TOTAL — 15 questions cibles | I21: =COUNTIF(I6:I20,"PASS") -> 0 | J21: =COUNTIF(J6:J20,"WARNING") -> 0 | K21: =COUNTIF(K6:K20,"FAIL") -> 0 | L21: =COUNTIF(L6:L20,"DRAFT") -> 15

Sheet QV-15
A1: CDM-POOL-QV-15 — CURIOSITÉS ET PETITE HISTOIRE CDM (QV) — TARGET : 15 questions
A2: SOURCE : Éditorial — trophée, mascottes, ballons, hymnes, records insolites
A3: EXCLUS : Tous pools ANGIPREGEN directs | NOTES : ⚠️ À VALIDER : périmètre éditorial. Viser accessibilité N1/N2
A5: ID_Q | B5: Pool | C5: Angle_ID | D5: Niveau | E5: Question | F5: A | G5: B | H5: C | I5: D | J5: Bonne_Rep | K5: Tags | L5: QA_STATUS
A6: CDM-QV15-Q001 | B6: CDM-POOL-QV-15 | L6: DRAFT
A7: CDM-QV15-Q002 | B7: CDM-POOL-QV-15 | L7: DRAFT
A8: CDM-QV15-Q003 | B8: CDM-POOL-QV-15 | L8: DRAFT
A9: CDM-QV15-Q004 | B9: CDM-POOL-QV-15 | L9: DRAFT
A10: CDM-QV15-Q005 | B10: CDM-POOL-QV-15 | L10: DRAFT
A11: CDM-QV15-Q006 | B11: CDM-POOL-QV-15 | L11: DRAFT
A12: CDM-QV15-Q007 | B12: CDM-POOL-QV-15 | L12: DRAFT
A13: CDM-QV15-Q008 | B13: CDM-POOL-QV-15 | L13: DRAFT
A14: CDM-QV15-Q009 | B14: CDM-POOL-QV-15 | L14: DRAFT
A15: CDM-QV15-Q010 | B15: CDM-POOL-QV-15 | L15: DRAFT
A16: CDM-QV15-Q011 | B16: CDM-POOL-QV-15 | L16: DRAFT
A17: CDM-QV15-Q012 | B17: CDM-POOL-QV-15 | L17: DRAFT
... A20: CDM-QV15-Q015 | B20: CDM-POOL-QV-15 | L20: DRAFT
A21: TOTAL — 15 questions cibles | I21: =COUNTIF(I6:I20,"PASS") -> 0 | J21: =COUNTIF(J6:J20,"WARNING") -> 0 | K21: =COUNTIF(K6:K20,"FAIL") -> 0 | L21: =COUNTIF(L6:L20,"DRAFT") -> 15
